,Biznes,Moto,Polska,Sport,Technologie,Świat
MLP_Small,0.6153846153846154,0.9473684210526315,0.7964601769911505,1.0,0.875,0.7272727272727273
MLP_Medium,0.631578947368421,1.0,0.8256880733944955,1.0,0.88,0.8
MLP_Large,0.6521739130434783,0.75,0.8037383177570093,1.0,0.8,0.6666666666666666
MLP_HighDropout,0.6153846153846154,0.8888888888888888,0.8181818181818182,1.0,0.8846153846153846,0.7272727272727273
